timestamp,event,state,violations
# tlightd started, source=simulator
2026-10-05T09:59:13.417Z,STATE_CHANGE,GREEN,0
2026-10-05T09:59:13.420Z,STATE_CHANGE,RED,0
2026-10-05T09:59:13.422Z,VIOLATION,RED,1
2026-10-05T09:59:13.423Z,STATE_CHANGE,GREEN,1
2026-10-05T09:59:13.727Z,STATE_CHANGE,YELLOW,1
2026-10-05T09:59:13.927Z,STATE_CHANGE,RED,1
2026-10-05T09:59:14.227Z,STATE_CHANGE,GREEN,1
2026-10-05T09:59:14.527Z,STATE_CHANGE,YELLOW,1
2026-10-05T09:59:14.727Z,STATE_CHANGE,RED,1
# tlightd stopping: events=9 state_changes=8 cycles=3 violations=1 current=RED last_violation=2026-10-05T09:59:13.422Z
